M_DATE,TEMP
2012-01-01,0.8
2012-01-02,0.21
2012-01-03,-1.21
2012-01-04,1.18
2012-01-05,3.4
2012-01-06,3.08
2012-01-07,2.72
2012-01-08,2.4
2012-01-09,1.2
2012-01-10,0.9
2012-01-11,2.8
2012-01-12,0.6
2012-01-13,0.5
2012-01-14,1.9
2012-01-15,-1.1
2012-01-16,-3.4
2012-01-17,-2.3
2012-01-18,-2.1
2012-01-19,-8.1
2012-01-20,-8.4
2012-01-21,-7.0
2012-01-22,-7.4
2012-01-23,-6.1
2012-01-24,-13.4
2012-01-25,-16.5
2012-01-26,-16.7
2012-01-27,-15.6
2012-01-28,-13.5
2012-01-29,-16.1
2012-01-30,-13.6
2012-01-31,-18.5
2012-02-01,-17.8
2012-02-02,-18.6
2012-02-03,-18.0
2012-02-04,-16.9
2012-02-05,-16.5
2012-02-06,-17.8
2012-02-07,-20.8
2012-02-08,-18.2
2012-02-09,-16.7
2012-02-10,-18.2
2012-02-11,-18.2
2012-02-12,-17.3
2012-02-13,-8.9
2012-02-14,-0.9
2012-02-15,0.0
2012-02-16,-3.3
2012-02-17,-5.1
2012-02-18,-9.7
2012-02-19,-12.0
2012-02-20,-13.6
2012-02-21,-10.9
2012-02-22,-4.2
2012-02-23,-1.5
2012-02-24,-1.1
2012-02-25,0.6
2012-02-26,1.0
2012-02-27,1.9
2012-02-28,0.6
2012-02-29,0.4
2012-03-01,0.2
2012-03-02,-3.1
2012-03-03,-3.1
2012-03-04,-3.8
2012-03-05,-2.1
2012-03-06,-2.8
2012-03-07,-5.3
2012-03-08,-5.05
2012-03-09,-6.8
2012-03-10,-6.5
2012-03-11,-4.4
2012-03-12,-4.5
2012-03-13,-3.1
2012-03-14,1.2
2012-03-15,-0.7
2012-03-16,-4.2
2012-03-17,-2.2
2012-03-18,4.2
2012-03-19,6.3
2012-03-20,5.5
2012-03-21,4.5
2012-03-22,3.5
2012-03-23,2.5
2012-03-24,3.4
2012-03-25,2.5
2012-03-26,2.8
2012-03-27,-0.2
2012-03-28,-0.1
2012-03-29,3.0
2012-03-30,5.8
2012-03-31,5.7
2012-04-01,7.3
2012-04-02,4.6
2012-04-03,6.5
2012-04-04,9.3
2012-04-05,12.5
2012-04-06,14.6
2012-04-07,13.4
2012-04-08,13.6
2012-04-09,16.3
2012-04-10,10.4
2012-04-11,10.8
2012-04-12,11.2
2012-04-13,11.2
2012-04-14,15.1
2012-04-15,16.2
2012-04-16,18.7
2012-04-17,16.4
2012-04-18,16.3
2012-04-19,17.1
2012-04-20,15.0
2012-04-21,15.4
2012-04-22,14.7
2012-04-23,13.9
2012-04-24,15.9
2012-04-25,18.1
2012-04-26,19.3
2012-04-27,20.6
2012-04-28,19.5
2012-04-29,19.92
2012-04-30,22.3
2012-05-01,14.8
2012-05-02,17.1
2012-05-03,16.8
2012-05-04,19.6
2012-05-05,18.8
2012-05-06,20.4
2012-05-07,20.55
2012-05-08,19.8
2012-05-09,22.4
2012-05-10,22.8
2012-05-11,24.2
2012-05-12,23.9
2012-05-13,22.0
2012-05-14,21.1
2012-05-15,21.8
2012-05-16,22.5
2012-05-17,20.1
2012-05-18,21.5
2012-05-19,22.3
2012-05-20,21.5
2012-05-21,21.5
2012-05-22,21.8
2012-05-23,21.7
2012-05-24,20.8
2012-05-25,17.2
2012-05-26,14.0
2012-05-27,15.8
2012-05-28,17.9
2012-05-29,15.8
2012-05-30,18.6
2012-05-31,18.2
2012-06-01,17.5
2012-06-02,18.2
2012-06-03,18.8
2012-06-04,21.7
2012-06-05,24.6
2012-06-06,22.2
2012-06-07,21.0
2012-06-08,20.6
2012-06-09,21.8
2012-06-10,23.01
2012-06-11,25.9
2012-06-12,27.0
2012-06-13,27.2
2012-06-14,29.2
2012-06-15,29.9
2012-06-16,23.1
2012-06-17,19.3
2012-06-18,24.4
2012-06-19,24.1
2012-06-20,24.2
2012-06-21,25.3
2012-06-22,25.2
2012-06-23,25.1
2012-06-24,25.3
2012-06-25,26.4
2012-06-26,28.1
2012-06-27,23.6
2012-06-28,20.8
2012-06-29,21.3
2012-06-30,21.6
2012-07-01,20.9
2012-07-02,24.3
2012-07-03,18.6
2012-07-04,20.9
2012-07-05,21.6
2012-07-06,23.2
2012-07-07,25.8
2012-07-08,26.4
2012-07-09,25.0
2012-07-10,24.3
2012-07-11,23.8
2012-07-12,25.0
2012-07-13,25.6
2012-07-14,26.7
2012-07-15,27.7
2012-07-16,28.5
2012-07-17,23.4
2012-07-18,21.7
2012-07-19,22.7
2012-07-20,22.5
2012-07-21,26.8
2012-07-22,28.8
2012-07-23,30.9
2012-07-24,30.3
2012-07-25,26.7
2012-07-26,27.1
2012-07-27,27.8
2012-07-28,27.8
2012-07-29,28.7
2012-07-30,25.6
2012-07-31,25.0
2012-08-01,26.0
2012-08-02,27.0
2012-08-03,26.5
2012-08-04,28.9
2012-08-05,28.8
2012-08-06,28.1
2012-08-07,27.6
2012-08-08,31.5
2012-08-09,29.3
2012-08-10,26.0
2012-08-11,25.2
2012-08-12,27.2
2012-08-13,26.3
2012-08-14,25.0
2012-08-15,25.0
2012-08-16,23.8
2012-08-17,21.9
2012-08-18,22.2
2012-08-19,22.7
2012-08-20,22.4
2012-08-21,20.5
2012-08-22,16.6
2012-08-23,20.1
2012-08-24,22.3
2012-08-25,25.5
2012-08-26,27.5
2012-08-27,26.6
2012-08-28,24.5
2012-08-29,18.3
2012-08-30,17.1
2012-08-31,18.2
2012-09-01,16.2
2012-09-02,16.7
2012-09-03,17.9
2012-09-04,21.1
2012-09-05,19.7
2012-09-06,18.8
2012-09-07,19.5
2012-09-08,16.3
2012-09-09,17.1
2012-09-10,14.4
2012-09-11,14.7
2012-09-12,16.0
2012-09-13,19.1
2012-09-14,20.6
2012-09-15,20.9
2012-09-16,20.7
2012-09-17,18.5
2012-09-18,18.2
2012-09-19,18.6
2012-09-20,19.4
2012-09-21,20.9
2012-09-22,19.3
2012-09-23,18.2
2012-09-24,15.9
2012-09-25,17.9
2012-09-26,19.0
2012-09-27,20.3
2012-09-28,20.7
2012-09-29,21.0
2012-09-30,19.4
2012-10-01,19.4
2012-10-02,15.6
2012-10-03,16.5
2012-10-04,16.7
2012-10-05,17.1
2012-10-06,16.5
2012-10-07,15.0
2012-10-08,18.2
2012-10-09,12.6
2012-10-10,11.2
2012-10-11,13.5
2012-10-12,13.9
2012-10-13,9.4
2012-10-14,10.6
2012-10-15,14.9
2012-10-16,15.4
2012-10-17,15.3
2012-10-18,13.8
2012-10-19,12.7
2012-10-20,13.1
2012-10-21,11.6
2012-10-22,10.3
2012-10-23,10.9
2012-10-24,7.9
2012-10-25,5.5
2012-10-26,8.6
2012-10-27,10.2
2012-10-28,10.4
2012-10-29,15.8
2012-10-30,16.9
2012-10-31,10.4
2012-11-01,5.9
2012-11-02,5.8
2012-11-03,8.7
2012-11-04,10.3
2012-11-05,9.4
2012-11-06,14.1
2012-11-07,9.1
2012-11-08,7.6
2012-11-09,5.6
2012-11-10,6.5
2012-11-11,3.3
2012-11-12,1.8
2012-11-13,3.2
2012-11-14,4.3
2012-11-15,1.3
2012-11-16,1.5
2012-11-17,-0.3
2012-11-18,1.2
2012-11-19,3.8
2012-11-20,6.8
2012-11-21,4.9
2012-11-22,0.6
2012-11-23,0.0
2012-11-24,3.7
2012-11-25,3.0
2012-11-26,3.1
2012-11-27,2.9
2012-11-28,6.7
2012-11-29,10.5
2012-11-30,9.7
2012-12-01,10.5
2012-12-02,10.8
2012-12-03,10.8
2012-12-04,7.3
2012-12-05,1.6
2012-12-06,0.8
2012-12-07,3.0
2012-12-08,2.9
2012-12-09,1.1
2012-12-10,2.3
2012-12-11,-3.3
2012-12-12,-3.8
2012-12-13,-2.6
2012-12-14,-4.6
2012-12-15,-10.7
2012-12-16,-15.1
2012-12-17,-15.6
2012-12-18,-13.3
2012-12-19,-11.9
2012-12-20,-10.3
2012-12-21,-9.8
2012-12-22,-10.2
2012-12-23,-10.1
2012-12-24,-13.8
2012-12-25,-14.5
2012-12-26,-4.5
2012-12-27,-0.1
2012-12-28,1.7
2012-12-29,0.2
2012-12-30,-4.33
2012-12-31,-4.98
2013-01-01,-3.01
2013-01-02,-1.78
2013-01-03,-0.14
2013-01-04,0.0
2013-01-05,1.31
2013-01-06,0.9
2013-01-07,0.3
2013-01-08,-4.4
2013-01-09,-6.3
2013-01-10,-4.9
2013-01-11,-5.3
2013-01-12,1.8
2013-01-13,1.2
2013-01-14,-4.7
2013-01-15,-6.1
2013-01-16,-5.8
2013-01-17,-4.3
2013-01-18,0.0
2013-01-19,3.1
2013-01-20,3.2
2013-01-21,3.5
2013-01-22,8.2
2013-01-23,6.5
2013-01-24,2.5
2013-01-25,0.4
2013-01-26,-4.2
2013-01-27,-4.8
2013-01-28,-1.9
2013-01-29,-1.4
2013-01-30,-4.1
2013-01-31,-3.1
2013-02-01,-0.1
2013-02-02,1.2
2013-02-03,2.9
2013-02-04,6.5
2013-02-05,0.3
2013-02-06,-1.1
2013-02-07,1.3
2013-02-08,2.2
2013-02-09,1.6
2013-02-10,2.3
2013-02-11,2.1
2013-02-12,2.0
2013-02-13,2.2
2013-02-14,3.3
2013-02-15,1.7
2013-02-16,0.2
2013-02-17,-1.4
2013-02-18,-2.8
2013-02-19,-1.9
2013-02-20,0.2
2013-02-21,1.8
2013-02-22,1.2
2013-02-23,-3.1
2013-02-24,-2.8
2013-02-25,-1.3
2013-02-26,-0.3
2013-02-27,0.4
2013-02-28,2.4
2013-03-01,1.8
2013-03-02,3.0
2013-03-03,2.0
2013-03-04,2.3
2013-03-05,-2.6
2013-03-06,-2.6
2013-03-07,1.3
2013-03-08,2.77
2013-03-09,1.2
2013-03-10,7.1
2013-03-11,9.4
2013-03-12,7.2
2013-03-13,2.6
2013-03-14,7.1
2013-03-15,10.9
2013-03-16,8.7
2013-03-17,4.0
2013-03-18,0.0
2013-03-19,1.7
2013-03-20,7.1
2013-03-21,6.8
2013-03-22,7.3
2013-03-23,6.5
2013-03-24,-2.0
2013-03-25,-3.7
2013-03-26,-3.3
2013-03-27,-1.9
2013-03-28,-1.8
2013-03-29,-2.0
2013-03-30,0.4
2013-03-31,7.2
2013-04-01,12.1
2013-04-02,10.3
2013-04-03,11.6
2013-04-04,14.7
2013-04-05,14.5
2013-04-06,12.9
2013-04-07,11.0
2013-04-08,7.9
2013-04-09,6.8
2013-04-10,6.5
2013-04-11,6.0
2013-04-12,5.1
2013-04-13,10.9
2013-04-14,11.4
2013-04-15,10.5
2013-04-16,9.0
2013-04-17,9.3
2013-04-18,10.5
2013-04-19,10.9
2013-04-20,12.1
2013-04-21,13.8
2013-04-22,9.1
2013-04-23,8.1
2013-04-24,12.5
2013-04-25,14.4
2013-04-26,14.9
2013-04-27,14.8
2013-04-28,17.8
2013-04-29,18.5
2013-04-30,18.0
2013-05-01,16.88
2013-05-02,20.8
2013-05-03,19.53
2013-05-04,21.1
2013-05-05,23.3
2013-05-06,21.7
2013-05-07,16.9
2013-05-08,16.4
2013-05-09,15.1
2013-05-10,16.69
2013-05-11,19.3
2013-05-12,19.7
2013-05-13,17.6
2013-05-14,22.2
2013-05-15,21.9
2013-05-16,22.0
2013-05-17,22.6
2013-05-18,20.2
2013-05-19,20.0
2013-05-20,20.3
2013-05-21,20.9
2013-05-22,22.6
2013-05-23,23.7
2013-05-24,23.6
2013-05-25,21.5
2013-05-26,21.6
2013-05-27,22.0
2013-05-28,21.1
2013-05-29,22.6
2013-05-30,24.2
2013-05-31,23.8
2013-06-01,22.7
2013-06-02,20.5
2013-06-03,21.1
2013-06-04,18.5
2013-06-05,19.9
2013-06-06,21.1
2013-06-07,19.8
2013-06-08,20.0
2013-06-09,23.5
2013-06-10,24.6
2013-06-11,25.8
2013-06-12,24.3
2013-06-13,27.3
2013-06-14,27.0
2013-06-15,28.7
2013-06-16,23.1
2013-06-17,24.5
2013-06-18,21.15
2013-06-19,21.65
2013-06-20,18.98
2013-06-21,19.87
2013-06-22,20.14
2013-06-23,20.38
2013-06-24,21.35
2013-06-25,23.04
2013-06-26,24.71
2013-06-27,26.74
2013-06-28,27.26
2013-06-29,26.28
2013-06-30,25.81
2013-07-01,25.75
2013-07-02,21.34
2013-07-03,22.25
2013-07-04,23.84
2013-07-05,24.21
2013-07-06,25.32
2013-07-07,25.86
2013-07-08,27.13
2013-07-09,27.04
2013-07-10,24.54
2013-07-11,24.18
2013-07-12,25.09
2013-07-13,26.03
2013-07-14,26.1
2013-07-15,24.76
2013-07-16,24.41
2013-07-17,24.84
2013-07-18,24.52
2013-07-19,23.18
2013-07-20,23.98
2013-07-21,23.78
2013-07-22,21.08
2013-07-23,21.6
2013-07-24,21.94
2013-07-25,22.33
2013-07-26,21.75
2013-07-27,22.03
2013-07-28,21.49
2013-07-29,20.84
2013-07-30,20.5
2013-07-31,20.91
2013-08-01,22.3
2013-08-02,23.58
2013-08-03,22.37
2013-08-04,19.49
2013-08-05,20.24
2013-08-06,22.53
2013-08-07,23.5
2013-08-08,22.87
2013-08-09,22.96
2013-08-10,23.84
2013-08-11,24.81
2013-08-12,25.07
2013-08-13,24.82
2013-08-14,25.41
2013-08-15,26.66
2013-08-16,26.5
2013-08-17,26.21
2013-08-18,24.1
2013-08-19,22.98
2013-08-20,22.86
2013-08-21,23.27
2013-08-22,24.07
2013-08-23,24.68
2013-08-24,23.68
2013-08-25,23.52
2013-08-26,23.8
2013-08-27,22.73
2013-08-28,22.24
2013-08-29,21.65
2013-08-30,23.0
2013-08-31,22.1
2013-09-01,19.81
2013-09-02,20.05
2013-09-03,19.85
2013-09-04,18.28
2013-09-05,15.91
2013-09-06,15.19
2013-09-07,15.43
2013-09-08,15.86
2013-09-09,15.41
2013-09-10,15.74
2013-09-11,16.33
2013-09-12,16.14
2013-09-13,16.86
2013-09-14,18.31
2013-09-15,18.21
2013-09-16,17.21
2013-09-17,17.18
2013-09-18,18.54
2013-09-19,18.14
2013-09-20,17.53
2013-09-21,16.5
2013-09-22,15.19
2013-09-23,14.2
2013-09-24,13.29
2013-09-25,11.9
2013-09-26,10.93
2013-09-27,13.31
2013-09-28,8.5
2013-09-29,8.32
2013-09-30,8.02
2013-10-01,9.02
2013-10-02,10.48
2013-10-03,9.51
2013-10-04,6.47
2013-10-05,5.78
2013-10-06,5.29
2013-10-07,6.04
2013-10-08,8.14
2013-10-09,9.8
2013-10-10,11.52
2013-10-11,12.79
2013-10-12,12.86
2013-10-13,11.86
2013-10-14,11.02
2013-10-15,10.42
2013-10-16,12.03
2013-10-17,13.65
2013-10-18,14.79
2013-10-19,13.95
2013-10-20,8.51
2013-10-21,7.39
2013-10-22,9.93
2013-10-23,7.04
2013-10-24,4.12
2013-10-25,6.48
2013-10-26,8.39
2013-10-27,9.0
2013-10-28,10.35
2013-10-29,11.39
2013-10-30,11.42
2013-10-31,10.87
2013-11-01,9.13
2013-11-02,8.52
2013-11-03,9.36
2013-11-04,10.24
2013-11-05,12.21
2013-11-06,11.16
2013-11-07,11.05
2013-11-08,8.7
2013-11-09,7.39
2013-11-10,7.38
2013-11-11,8.75
2013-11-12,9.44
2013-11-13,9.25
2013-11-14,8.44
2013-11-15,5.15
2013-11-16,3.19
2013-11-17,3.29
2013-11-18,5.22
2013-11-19,3.66
2013-11-20,4.11
2013-11-21,5.68
2013-11-22,6.41
2013-11-23,4.27
2013-11-24,3.16
2013-11-25,3.81
2013-11-26,5.56
2013-11-27,5.13
2013-11-28,2.49
2013-11-29,3.65
2013-11-30,2.45
2013-12-01,2.68
2013-12-02,4.4
2013-12-03,-0.24
2013-12-04,-2.88
2013-12-05,0.38
2013-12-06,1.4
2013-12-07,2.62
2013-12-08,0.57
2013-12-09,-0.91
2013-12-10,-1.52
2013-12-11,-7.18
2013-12-12,-8.92
2013-12-13,-8.62
2013-12-14,-2.48
2013-12-15,-4.58
2013-12-16,-6.74
2013-12-17,-6.21
2013-12-18,-1.34
2013-12-19,-0.17
2013-12-20,-0.53
2013-12-21,0.41
2013-12-22,1.71
2013-12-23,0.73
2013-12-24,2.0
2013-12-25,1.04
2013-12-26,-0.02
2013-12-27,0.43
2013-12-28,1.03
2013-12-29,1.01
2013-12-30,1.04
2013-12-31,1.09
2014-01-01,0.9
2014-01-02,-0.14
2014-01-03,-0.45
2014-01-04,-0.59
2014-01-05,-0.42
2014-01-06,-0.09
2014-01-07,2.2
2014-01-08,1.88
2014-01-09,2.0
2014-01-10,4.09
2014-01-11,4.48
2014-01-12,4.24
2014-01-13,2.96
2014-01-14,-0.06
2014-01-15,-2.08
2014-01-16,0.92
2014-01-17,3.5
2014-01-18,1.63
2014-01-19,0.56
2014-01-20,-6.74
2014-01-21,-7.15
2014-01-22,-2.91
2014-01-23,-1.04
2014-01-24,-5.03
2014-01-25,-10.33
2014-01-26,-11.86
2014-01-27,-9.47
2014-01-28,-8.11
2014-01-29,-12.89
2014-01-30,-18.42
2014-01-31,-18.77
2014-02-01,-17.08
2014-02-02,-14.67
2014-02-03,-13.29
2014-02-04,-10.11
2014-02-05,-5.38
2014-02-06,-6.45
2014-02-07,-5.74
2014-02-08,-4.71
2014-02-09,-1.07
2014-02-10,1.14
2014-02-11,1.4
2014-02-12,3.15
2014-02-13,2.42
2014-02-14,3.08
2014-02-15,3.26
2014-02-16,1.93
2014-02-17,3.0
2014-02-18,4.17
2014-02-19,2.99
2014-02-20,5.18
2014-02-21,3.84
2014-02-22,0.93
2014-02-23,-1.14
2014-02-24,-1.09
2014-02-25,-1.55
2014-02-26,-0.52
2014-02-27,0.56
2014-02-28,1.4
2014-03-01,2.85
2014-03-02,3.41
2014-03-03,2.87
2014-03-04,4.19
2014-03-05,4.31
2014-03-06,4.25
2014-03-07,1.97
2014-03-08,1.3
2014-03-09,1.84
2014-03-10,1.67
2014-03-11,1.77
2014-03-12,3.08
2014-03-13,3.51
2014-03-14,5.98
2014-03-15,7.49
2014-03-16,7.85
2014-03-17,3.49
2014-03-18,4.56
2014-03-19,5.39
2014-03-20,7.97
2014-03-21,5.56
2014-03-22,5.38
2014-03-23,8.56
2014-03-24,8.82
2014-03-25,8.93
2014-03-26,10.78
2014-03-27,9.13
2014-03-28,8.35
2014-03-29,2.35
2014-03-30,-0.18
2014-03-31,3.86
2014-04-01,6.38
2014-04-02,2.6
2014-04-03,2.39
2014-04-04,4.54
2014-04-05,6.09
2014-04-06,4.8
2014-04-07,8.22
2014-04-08,10.64
2014-04-09,10.21
2014-04-10,9.61
2014-04-11,6.71
2014-04-12,7.15
2014-04-13,8.73
2014-04-14,10.1
2014-04-15,10.9
2014-04-16,12.55
2014-04-17,14.84
2014-04-18,15.71
2014-04-19,16.69
2014-04-20,14.95
2014-04-21,14.24
2014-04-22,14.17
2014-04-23,14.62
2014-04-24,13.72
2014-04-25,9.37
2014-04-26,10.48
2014-04-27,11.46
2014-04-28,13.11
2014-04-29,14.63
2014-04-30,14.63
2014-05-01,15.34
2014-05-02,14.97
2014-05-03,14.82
2014-05-04,15.85
2014-05-05,17.03
2014-05-06,15.01
2014-05-07,12.43
2014-05-08,13.74
2014-05-09,16.15
2014-05-10,19.52
2014-05-11,20.19
2014-05-12,19.87
2014-05-13,18.81
2014-05-14,18.95
2014-05-15,21.61
2014-05-16,23.88
2014-05-17,24.85
2014-05-18,23.32
2014-05-19,20.51
2014-05-20,19.58
2014-05-21,19.91
2014-05-22,20.04
2014-05-23,21.14
2014-05-24,22.21
2014-05-25,22.5
2014-05-26,21.62
2014-05-27,21.1
2014-05-28,21.3
2014-05-29,21.06
2014-05-30,21.72
2014-05-31,22.07
2014-06-01,21.98
2014-06-02,21.61
2014-06-03,20.62
2014-06-04,21.21
2014-06-05,24.1
2014-06-06,24.33
2014-06-07,24.3
2014-06-08,23.46
2014-06-09,22.75
2014-06-10,22.26
2014-06-11,20.05
2014-06-12,17.89
2014-06-13,18.16
2014-06-14,20.2
2014-06-15,20.02
2014-06-16,20.89
2014-06-17,22.25
2014-06-18,21.73
2014-06-19,20.49
2014-06-20,21.48
2014-06-21,22.02
2014-06-22,20.79
2014-06-23,20.27
2014-06-24,20.44
2014-06-25,22.02
2014-06-26,22.31
2014-06-27,22.18
2014-06-28,19.44
2014-06-29,20.11
2014-06-30,21.38
2014-07-01,23.18
2014-07-02,24.58
2014-07-03,25.36
2014-07-04,23.98
2014-07-05,23.83
2014-07-06,23.74
2014-07-07,23.5
2014-07-08,21.47
2014-07-09,21.77
2014-07-10,23.23
2014-07-11,25.95
2014-07-12,27.26
2014-07-13,25.03
2014-07-14,23.87
2014-07-15,25.06
2014-07-16,26.73
2014-07-17,27.8
2014-07-18,25.52
2014-07-19,24.22
2014-07-20,23.6
2014-07-21,23.3
2014-07-22,22.51
2014-07-23,24.62
2014-07-24,26.39
2014-07-25,25.25
2014-07-26,26.21
2014-07-27,25.0
2014-07-28,23.69
2014-07-29,24.32
2014-07-30,24.8
2014-07-31,25.38
2014-08-01,26.43
2014-08-02,27.28
2014-08-03,27.62
2014-08-04,26.7
2014-08-05,25.95
2014-08-06,25.52
2014-08-07,25.1
2014-08-08,26.56
2014-08-09,27.18
2014-08-10,27.05
2014-08-11,26.37
2014-08-12,26.09
2014-08-13,26.58
2014-08-14,28.72
2014-08-15,29.65
2014-08-16,28.93
2014-08-17,28.07
2014-08-18,27.83
2014-08-19,24.79
2014-08-20,23.46
2014-08-21,24.74
2014-08-22,25.66
2014-08-23,25.45
2014-08-24,24.44
2014-08-25,25.88
2014-08-26,24.9
2014-08-27,24.45
2014-08-28,25.88
2014-08-29,22.26
2014-08-30,20.61
2014-08-31,21.2
2014-09-01,22.4
2014-09-02,23.1
2014-09-03,23.88
2014-09-04,23.55
2014-09-05,21.2
2014-09-06,21.45
2014-09-07,22.13
2014-09-08,22.33
2014-09-09,20.17
2014-09-10,20.44
2014-09-11,20.29
2014-09-12,19.26
2014-09-13,17.78
2014-09-14,18.31
2014-09-15,19.97
2014-09-16,18.38
2014-09-17,16.35
2014-09-18,13.69
2014-09-19,13.32
2014-09-20,12.63
2014-09-21,13.36
2014-09-22,14.57
2014-09-23,15.79
2014-09-24,14.7
2014-09-25,11.18
2014-09-26,12.54
2014-09-27,14.1
2014-09-28,15.18
2014-09-29,14.12
2014-09-30,13.54
2014-10-01,14.08
2014-10-02,9.2
2014-10-03,8.58
2014-10-04,10.13
2014-10-05,10.22
2014-10-06,9.61
2014-10-07,8.06
2014-10-08,8.57
2014-10-09,10.56
2014-10-10,12.02
2014-10-11,12.39
2014-10-12,12.35
2014-10-13,12.91
2014-10-14,14.11
2014-10-15,14.71
2014-10-16,15.55
2014-10-17,14.47
2014-10-18,11.27
2014-10-19,3.42
2014-10-20,3.87
2014-10-21,10.04
2014-10-22,11.87
2014-10-23,8.35
2014-10-24,1.81
2014-10-25,-1.84
2014-10-26,-3.3
2014-10-27,-0.25
2014-10-28,2.96
2014-10-29,5.4
2014-10-30,7.73
2014-10-31,8.01
2014-11-01,7.5
2014-11-02,3.0
2014-11-03,0.03
2014-11-04,-0.22
2014-11-05,2.37
2014-11-06,5.4
2014-11-07,5.52
2014-11-08,5.05
2014-11-09,6.83
2014-11-10,7.64
2014-11-11,7.21
2014-11-12,6.2
2014-11-13,6.28
2014-11-14,6.5
2014-11-15,5.53
2014-11-16,3.61
2014-11-17,0.3
2014-11-18,1.71
2014-11-19,2.75
2014-11-20,2.1
2014-11-21,-0.26
2014-11-22,-1.85
2014-11-23,-2.93
2014-11-24,-2.86
2014-11-25,-4.05
2014-11-26,-3.61
2014-11-27,-1.68
2014-11-28,-1.11
2014-11-29,-1.09
2014-11-30,-0.33
2014-12-01,-2.16
2014-12-02,-5.09
2014-12-03,-7.56
2014-12-04,-6.56
2014-12-05,-4.33
2014-12-06,-2.83
2014-12-07,-2.2
2014-12-08,0.64
2014-12-09,2.2
2014-12-10,1.74
2014-12-11,2.56
2014-12-12,5.45
2014-12-13,3.98
2014-12-14,0.47
2014-12-15,0.46
2014-12-16,0.85
2014-12-17,0.85
2014-12-18,2.52
2014-12-19,4.99
2014-12-20,4.85
2014-12-21,6.24
2014-12-22,3.21
2014-12-23,2.33
2014-12-24,5.69
2014-12-25,6.5
2014-12-26,4.41
2014-12-27,1.23
2014-12-28,1.61
2014-12-29,-0.2
2014-12-30,0.83
2014-12-31,-6.34
2015-01-01,-7.98
2015-01-02,-2.42
2015-01-03,1.83
2015-01-04,1.31
2015-01-05,0.94
2015-01-06,-1.2
2015-01-07,-8.51
2015-01-08,-17.64
2015-01-09,-15.01
2015-01-10,-3.29
2015-01-11,0.13
2015-01-12,2.65
2015-01-13,0.76
2015-01-14,0.59
2015-01-15,-0.07
2015-01-16,0.61
2015-01-17,-0.94
2015-01-18,-1.91
2015-01-19,0.68
2015-01-20,2.0
2015-01-21,2.04
2015-01-22,-0.44
2015-01-23,-2.44
2015-01-24,-5.12
2015-01-25,-3.1
2015-01-26,-2.05
2015-01-27,-1.34
2015-01-28,-0.44
2015-01-29,-1.21
2015-01-30,0.5
2015-01-31,2.09
2015-02-01,4.18
2015-02-02,7.31
2015-02-03,5.92
2015-02-04,3.8
2015-02-05,2.2
2015-02-06,3.62
2015-02-07,-1.66
2015-02-08,-1.81
2015-02-09,0.8
2015-02-10,0.47
2015-02-11,-0.18
2015-02-12,-1.65
2015-02-13,-0.41
2015-02-14,-0.62
2015-02-15,-1.2
2015-02-16,-2.61
2015-02-17,-7.73
2015-02-18,-9.28
2015-02-19,-7.59
2015-02-20,-6.03
2015-02-21,-3.92
2015-02-22,-0.53
2015-02-23,1.26
2015-02-24,2.56
2015-02-25,2.38
2015-02-26,3.51
2015-02-27,4.01
2015-02-28,3.15
2015-03-01,3.46
2015-03-02,3.34
2015-03-03,2.71
2015-03-04,1.76
2015-03-05,1.9
2015-03-06,3.34
2015-03-07,2.59
2015-03-08,0.3
2015-03-09,1.65
2015-03-10,5.85
2015-03-11,7.28
2015-03-12,6.53
2015-03-13,6.26
2015-03-14,5.93
2015-03-15,4.75
2015-03-16,4.03
2015-03-17,2.48
2015-03-18,3.41
2015-03-19,4.81
2015-03-20,5.15
2015-03-21,6.2
2015-03-22,7.39
2015-03-23,4.35
2015-03-24,1.25
2015-03-25,5.88
2015-03-26,9.24
2015-03-27,8.86
2015-03-28,6.05
2015-03-29,3.64
2015-03-30,3.07
2015-03-31,2.96
2015-04-01,4.48
2015-04-02,6.57
2015-04-03,5.74
2015-04-04,5.33
2015-04-05,5.89
2015-04-06,7.99
2015-04-07,9.09
2015-04-08,8.89
2015-04-09,7.43
2015-04-10,5.79
2015-04-11,8.33
2015-04-12,10.29
2015-04-13,11.26
2015-04-14,11.79
2015-04-15,8.26
2015-04-16,9.08
2015-04-17,12.25
2015-04-18,13.59
2015-04-19,11.03
2015-04-20,6.87
2015-04-21,6.81
2015-04-22,5.54
2015-04-23,7.09
2015-04-24,10.05
2015-04-25,12.77
2015-04-26,13.46
2015-04-27,16.08
2015-04-28,16.53
2015-04-29,17.75
2015-04-30,16.63
2015-05-01,15.18
2015-05-02,14.3
2015-05-03,15.09
2015-05-04,14.57
2015-05-05,12.82
2015-05-06,12.62
2015-05-07,12.59
2015-05-08,13.69
2015-05-09,13.53
2015-05-10,13.64
2015-05-11,14.18
2015-05-12,14.86
2015-05-13,14.56
2015-05-14,15.71
2015-05-15,16.99
2015-05-16,16.12
2015-05-17,14.38
2015-05-18,15.94
2015-05-19,15.83
2015-05-20,16.93
2015-05-21,18.69
2015-05-22,19.93
2015-05-23,20.3
2015-05-24,20.6
2015-05-25,21.42
2015-05-26,21.91
2015-05-27,22.97
2015-05-28,23.02
2015-05-29,21.28
2015-05-30,20.64
2015-05-31,19.7
2015-06-01,19.62
2015-06-02,20.94
2015-06-03,22.22
2015-06-04,22.55
2015-06-05,22.31
2015-06-06,20.5
2015-06-07,18.96
2015-06-08,20.84
2015-06-09,22.15
2015-06-10,23.65
2015-06-11,23.34
2015-06-12,22.7
2015-06-13,23.04
2015-06-14,24.47
2015-06-15,23.75
2015-06-16,24.02
2015-06-17,23.53
2015-06-18,23.91
2015-06-19,24.85
2015-06-20,24.92
2015-06-21,24.01
2015-06-22,24.39
2015-06-23,25.03
2015-06-24,25.37
2015-06-25,25.07
2015-06-26,24.88
2015-06-27,24.05
2015-06-28,23.38
2015-06-29,21.81
2015-06-30,22.36
2015-07-01,22.63
2015-07-02,23.44
2015-07-03,23.23
2015-07-04,23.58
2015-07-05,25.36
2015-07-06,24.66
2015-07-07,24.12
2015-07-08,26.19
2015-07-09,27.87
2015-07-10,27.35
2015-07-11,24.17
2015-07-12,20.15
2015-07-13,20.45
2015-07-14,22.39
2015-07-15,22.44
2015-07-16,22.26
2015-07-17,21.16
2015-07-18,21.13
2015-07-19,20.53
2015-07-20,22.8
2015-07-21,23.92
2015-07-22,22.43
2015-07-23,23.66
2015-07-24,25.8
2015-07-25,27.88
2015-07-26,28.12
2015-07-27,27.73
2015-07-28,26.42
2015-07-29,26.82
2015-07-30,27.73
2015-07-31,29.67
2015-08-01,29.94
2015-08-02,26.11
2015-08-03,27.28
2015-08-04,27.87
2015-08-05,27.4
2015-08-06,25.99
2015-08-07,24.2
2015-08-08,24.71
2015-08-09,26.19
2015-08-10,27.5
2015-08-11,28.51
2015-08-12,28.17
2015-08-13,26.74
2015-08-14,27.24
2015-08-15,27.69
2015-08-16,26.02
2015-08-17,23.7
2015-08-18,21.7
2015-08-19,21.68
2015-08-20,20.09
2015-08-21,20.14
2015-08-22,21.53
2015-08-23,22.43
2015-08-24,20.64
2015-08-25,19.0
2015-08-26,20.09
2015-08-27,21.35
2015-08-28,22.45
2015-08-29,23.37
2015-08-30,22.93
2015-08-31,21.1
2015-09-01,21.33
2015-09-02,22.96
2015-09-03,25.0
2015-09-04,26.11
2015-09-05,27.18
2015-09-06,27.03
2015-09-07,25.29
2015-09-08,21.22
2015-09-09,20.53
2015-09-10,20.4
2015-09-11,20.31
2015-09-12,17.52
2015-09-13,17.04
2015-09-14,18.22
2015-09-15,18.23
2015-09-16,18.41
2015-09-17,19.02
2015-09-18,19.53
2015-09-19,20.15
2015-09-20,20.76
2015-09-21,21.77
2015-09-22,22.38
2015-09-23,23.09
2015-09-24,22.46
2015-09-25,21.52
2015-09-26,20.85
2015-09-27,21.4
2015-09-28,21.61
2015-09-29,20.77
2015-09-30,19.74
2015-10-01,17.17
2015-10-02,16.74
2015-10-03,17.77
2015-10-04,16.19
2015-10-05,15.59
2015-10-06,16.41
2015-10-07,13.59
2015-10-08,4.7
2015-10-09,4.91
2015-10-10,5.35
2015-10-11,6.7
2015-10-12,6.23
2015-10-13,5.24
2015-10-14,7.21
2015-10-15,7.95
2015-10-16,6.5
2015-10-17,6.98
2015-10-18,8.36
2015-10-19,10.51
2015-10-20,9.73
2015-10-21,6.15
2015-10-22,7.17
2015-10-23,10.13
2015-10-24,10.93
2015-10-25,8.26
2015-10-26,7.81
2015-10-27,8.65
2015-10-28,7.37
2015-10-29,4.29
2015-10-30,3.09
2015-10-31,2.08
2015-11-01,1.61
2015-11-02,5.54
2015-11-03,8.28
2015-11-04,8.88
2015-11-05,7.7
2015-11-06,5.81
2015-11-07,4.41
2015-11-08,4.82
2015-11-09,6.15
2015-11-10,6.8
2015-11-11,7.84
2015-11-12,7.27
2015-11-13,7.07
2015-11-14,4.69
2015-11-15,5.13
2015-11-16,5.2
2015-11-17,3.19
2015-11-18,1.77
2015-11-19,3.11
2015-11-20,7.16
2015-11-21,10.61
2015-11-22,12.1
2015-11-23,11.88
2015-11-24,8.99
2015-11-25,7.91
2015-11-26,7.38
2015-11-27,3.7
2015-11-28,2.41
2015-11-29,4.09
2015-11-30,6.14
2015-12-01,4.9
2015-12-02,3.71
2015-12-03,1.82
2015-12-04,0.11
2015-12-05,0.58
2015-12-06,4.37
2015-12-07,7.28
2015-12-08,6.16
2015-12-09,1.92
2015-12-10,0.04
2015-12-11,0.61
2015-12-12,2.6
2015-12-13,2.31
2015-12-14,2.32
2015-12-15,2.06
2015-12-16,0.08
2015-12-17,-1.41
2015-12-18,-2.02
2015-12-19,1.44
2015-12-20,4.06
2015-12-21,6.12
2015-12-22,7.99
2015-12-23,6.23
2015-12-24,7.52
2015-12-25,5.13
2015-12-26,3.29
2015-12-27,5.78
2015-12-28,1.29
2015-12-29,-0.59
2015-12-30,-5.19
2015-12-31,-8.54
2016-01-01,-10.86
2016-01-02,-12.2
2016-01-03,-13.77
2016-01-04,-14.4
2016-01-05,-8.14
2016-01-06,-2.53
2016-01-07,-0.77
2016-01-08,0.88
2016-01-09,0.96
2016-01-10,0.79
2016-01-11,-0.88
2016-01-12,1.2
2016-01-13,4.13
2016-01-14,3.41
2016-01-15,1.63
2016-01-16,0.08
2016-01-17,3.06
2016-01-18,3.94
2016-01-19,2.32
2016-01-20,-1.57
2016-01-21,-1.85
2016-01-22,-0.6
2016-01-23,-4.01
2016-01-24,-7.92
2016-01-25,-11.27
2016-01-26,-12.73
2016-01-27,-9.97
2016-01-28,-1.03
2016-01-29,1.95
2016-01-30,1.53
2016-01-31,2.07
2016-02-01,3.62
2016-02-02,1.43
2016-02-03,4.74
2016-02-04,7.04
2016-02-05,6.29
2016-02-06,2.35
2016-02-07,-0.29
2016-02-08,-1.1
2016-02-09,0.36
2016-02-10,0.49
2016-02-11,2.07
2016-02-12,3.61
2016-02-13,4.73
2016-02-14,5.56
2016-02-15,7.56
2016-02-16,8.87
2016-02-17,7.6
2016-02-18,0.77
2016-02-19,-1.23
2016-02-20,-2.33
2016-02-21,-1.43
2016-02-22,1.65
2016-02-23,5.16
2016-02-24,5.51
2016-02-25,6.77
2016-02-26,4.47
2016-02-27,6.72
2016-02-28,6.76
2016-02-29,7.0
2016-03-01,6.81
2016-03-02,7.37
2016-03-03,7.19
2016-03-04,9.33
2016-03-05,9.11
2016-03-06,7.99
2016-03-07,7.61
2016-03-08,6.8
2016-03-09,5.57
2016-03-10,4.06
2016-03-11,4.74
2016-03-12,6.48
2016-03-13,6.88
2016-03-14,4.67
2016-03-15,0.96
2016-03-16,0.6
2016-03-17,3.28
2016-03-18,5.29
2016-03-19,4.63
2016-03-20,-0.57
2016-03-21,1.58
2016-03-22,5.63
2016-03-23,6.63
2016-03-24,8.19
2016-03-25,10.35
2016-03-26,7.55
2016-03-27,5.47
2016-03-28,5.72
2016-03-29,6.68
2016-03-30,6.92
2016-03-31,8.23
2016-04-01,10.0
2016-04-02,9.73
2016-04-03,6.18
2016-04-04,7.11
2016-04-05,8.73
2016-04-06,9.37
2016-04-07,11.28
2016-04-08,13.6
2016-04-09,14.38
2016-04-10,13.3
2016-04-11,13.93
2016-04-12,14.28
2016-04-13,13.66
2016-04-14,13.44
2016-04-15,14.58
2016-04-16,13.17
2016-04-17,12.46
2016-04-18,14.44
2016-04-19,17.38
2016-04-20,17.37
2016-04-21,12.72
2016-04-22,8.88
2016-04-23,11.45
2016-04-24,13.6
2016-04-25,15.76
2016-04-26,16.09
2016-04-27,15.24
2016-04-28,14.0
2016-04-29,14.16
2016-04-30,14.57
2016-05-01,13.82
2016-05-02,13.33
2016-05-03,13.62
2016-05-04,13.6
2016-05-05,14.4
2016-05-06,14.87
2016-05-07,15.44
2016-05-08,15.75
2016-05-09,17.35
2016-05-10,18.1
2016-05-11,16.94
2016-05-12,15.41
2016-05-13,16.38
2016-05-14,17.23
2016-05-15,17.93
2016-05-16,16.35
2016-05-17,16.2
2016-05-18,16.62
2016-05-19,16.25
2016-05-20,15.63
2016-05-21,16.52
2016-05-22,18.57
2016-05-23,17.04
2016-05-24,17.01
2016-05-25,18.26
2016-05-26,19.06
2016-05-27,19.27
2016-05-28,20.52
2016-05-29,20.47
2016-05-30,20.13
2016-05-31,19.84
2016-06-01,18.09
2016-06-02,17.54
2016-06-03,17.62
2016-06-04,17.57
2016-06-05,18.22
2016-06-06,19.47
2016-06-07,17.47
2016-06-08,15.47
2016-06-09,15.52
2016-06-10,16.27
2016-06-11,18.23
2016-06-12,19.67
2016-06-13,21.05
2016-06-14,22.66
2016-06-15,22.9
2016-06-16,22.98
2016-06-17,23.8
2016-06-18,25.46
2016-06-19,26.49
2016-06-20,27.25
2016-06-21,27.63
2016-06-22,28.25
2016-06-23,27.2
2016-06-24,25.36
2016-06-25,25.77
2016-06-26,26.42
2016-06-27,27.6
2016-06-28,27.14
2016-06-29,25.62
2016-06-30,24.24
2016-07-01,23.42
2016-07-02,24.1
2016-07-03,24.96
2016-07-04,26.03
2016-07-05,24.98
2016-07-06,23.6
2016-07-07,25.19
2016-07-08,21.95
2016-07-09,21.4
2016-07-10,22.4
2016-07-11,21.56
2016-07-12,23.74
2016-07-13,25.99
2016-07-14,27.54
2016-07-15,27.56
2016-07-16,28.9
2016-07-17,30.18
2016-07-18,29.94
2016-07-19,26.3
2016-07-20,24.74
2016-07-21,22.88
2016-07-22,22.29
2016-07-23,22.4
2016-07-24,21.32
2016-07-25,21.45
2016-07-26,23.05
2016-07-27,24.41
2016-07-28,24.95
2016-07-29,24.93
2016-07-30,24.77
2016-07-31,25.01
2016-08-01,26.26
2016-08-02,26.84
2016-08-03,27.67
2016-08-04,26.46
2016-08-05,26.44
2016-08-06,27.68
2016-08-07,27.16
2016-08-08,26.67
2016-08-09,27.08
2016-08-10,27.51
2016-08-11,26.91
2016-08-12,27.35
2016-08-13,28.54
2016-08-14,24.17
2016-08-15,21.21
2016-08-16,23.46
2016-08-17,24.49
2016-08-18,24.68
2016-08-19,25.86
2016-08-20,27.97
2016-08-21,28.52
2016-08-22,28.15
2016-08-23,27.48
2016-08-24,26.28
2016-08-25,25.52
2016-08-26,23.79
2016-08-27,24.23
2016-08-28,25.26
2016-08-29,25.9
2016-08-30,24.92
2016-08-31,22.83
2016-09-01,19.76
2016-09-02,18.59
2016-09-03,19.8
2016-09-04,21.11
2016-09-05,21.9
2016-09-06,22.71
2016-09-07,22.44
2016-09-08,21.36
2016-09-09,20.75
2016-09-10,19.0
2016-09-11,18.76
2016-09-12,19.05
2016-09-13,20.74
2016-09-14,19.6
2016-09-15,16.53
2016-09-16,15.23
2016-09-17,17.03
2016-09-18,15.96
2016-09-19,14.65
2016-09-20,16.49
2016-09-21,17.5
2016-09-22,14.18
2016-09-23,12.89
2016-09-24,11.74
2016-09-25,11.06
2016-09-26,11.77
2016-09-27,12.41
2016-09-28,11.61
2016-09-29,10.98
2016-09-30,12.16
2016-10-01,13.93
2016-10-02,15.8
2016-10-03,16.38
2016-10-04,16.09
2016-10-05,16.81
2016-10-06,16.44
2016-10-07,15.98
2016-10-08,17.06
2016-10-09,16.1
2016-10-10,13.09
2016-10-11,10.83
2016-10-12,8.29
2016-10-13,7.29
2016-10-14,8.65
2016-10-15,6.84
2016-10-16,5.36
2016-10-17,4.14
2016-10-18,4.41
2016-10-19,5.05
2016-10-20,5.94
2016-10-21,7.08
2016-10-22,6.31
2016-10-23,6.16
2016-10-24,5.58
2016-10-25,1.99
2016-10-26,1.66
2016-10-27,2.02
2016-10-28,2.92
2016-10-29,3.73
2016-10-30,5.4
2016-10-31,4.37
2016-11-01,3.21
2016-11-02,1.69
2016-11-03,3.34
2016-11-04,5.79
2016-11-05,3.95
2016-11-06,4.09
2016-11-07,7.93
2016-11-08,12.93
2016-11-09,13.87
2016-11-10,13.57
2016-11-11,10.54
2016-11-12,6.98
2016-11-13,5.78
2016-11-14,6.73
2016-11-15,4.31
2016-11-16,0.98
2016-11-17,-1.53
2016-11-18,-1.41
2016-11-19,-1.33
2016-11-20,-1.9
2016-11-21,-2.21
2016-11-22,-3.22
2016-11-23,-3.74
2016-11-24,-1.28
2016-11-25,1.4
2016-11-26,1.53
2016-11-27,3.29
2016-11-28,7.61
2016-11-29,2.93
2016-11-30,-0.24
2016-12-01,-2.07
2016-12-02,-1.31
2016-12-03,-0.83
2016-12-04,-0.51
2016-12-05,-3.76
2016-12-06,-2.99
2016-12-07,-3.94
2016-12-08,-7.74
2016-12-09,0.92
2016-12-10,3.24
2016-12-11,2.03
2016-12-12,2.42
2016-12-13,-3.04
2016-12-14,-10.18
2016-12-15,-8.24
2016-12-16,-8.27
2016-12-17,-14.09
2016-12-18,-7.62
2016-12-19,-1.42
2016-12-20,-2.74
2016-12-21,-8.54
2016-12-22,-4.79
2016-12-23,-5.26
2016-12-24,-4.45
2016-12-25,-3.8
2016-12-26,-2.38
2016-12-27,-2.01
2016-12-28,0.03
2016-12-29,-0.23
2016-12-30,-0.76
2016-12-31,-2.8
2017-01-01,-2.06
2017-01-02,1.37
2017-01-03,2.56
2017-01-04,0.06
2017-01-05,2.7
2017-01-06,3.99
2017-01-07,2.66
2017-01-08,0.7
2017-01-09,0.3
2017-01-10,-0.8
2017-01-11,-0.95
2017-01-12,1.41
2017-01-13,0.53
2017-01-14,-0.03
2017-01-15,0.86
2017-01-16,0.58
2017-01-17,0.31
2017-01-18,-0.78
2017-01-19,-3.92
2017-01-20,-5.15
2017-01-21,-2.31
2017-01-22,-1.55
2017-01-23,-1.39
2017-01-24,-0.17
2017-01-25,0.13
2017-01-26,-3.52
2017-01-27,-8.96
2017-01-28,-8.66
2017-01-29,-9.47
2017-01-30,-12.19
2017-01-31,-11.81
2017-02-01,-9.35
2017-02-02,-3.92
2017-02-03,-3.5
2017-02-04,-0.6
2017-02-05,3.47
2017-02-06,1.63
2017-02-07,-2.97
2017-02-08,-8.88
2017-02-09,-9.42
2017-02-10,-8.49
2017-02-11,-6.02
2017-02-12,-4.7
2017-02-13,-4.26
2017-02-14,-4.04
2017-02-15,-2.64
2017-02-16,-4.56
2017-02-17,-7.04
2017-02-18,-2.95
2017-02-19,1.23
2017-02-20,2.87
2017-02-21,3.25
2017-02-22,3.87
2017-02-23,4.31
2017-02-24,6.98
2017-02-25,8.73
2017-02-26,1.69
2017-02-27,2.25
2017-02-28,4.74
2017-03-01,6.35
2017-03-02,6.7
2017-03-03,7.47
2017-03-04,6.55
2017-03-05,6.21
2017-03-06,6.54
2017-03-07,6.17
2017-03-08,7.02
2017-03-09,7.09
2017-03-10,7.18
2017-03-11,6.37
2017-03-12,5.76
2017-03-13,6.39
2017-03-14,5.58
2017-03-15,6.25
2017-03-16,6.43
2017-03-17,6.68
2017-03-18,6.18
2017-03-19,6.12
2017-03-20,5.71
2017-03-21,5.02
2017-03-22,4.45
2017-03-23,5.15
2017-03-24,7.01
2017-03-25,7.03
2017-03-26,5.03
2017-03-27,4.77
2017-03-28,6.38
2017-03-29,7.95
2017-03-30,8.68
2017-03-31,3.11
2017-04-01,4.74
2017-04-02,7.11
2017-04-03,9.1
2017-04-04,9.8
2017-04-05,8.5
2017-04-06,9.28
2017-04-07,11.46
2017-04-08,10.98
2017-04-09,9.34
2017-04-10,9.32
2017-04-11,9.86
2017-04-12,10.69
2017-04-13,12.6
2017-04-14,12.28
2017-04-15,11.02
2017-04-16,11.39
2017-04-17,13.91
2017-04-18,14.5
2017-04-19,9.71
2017-04-20,7.99
2017-04-21,7.48
2017-04-22,7.55
2017-04-23,7.98
2017-04-24,8.53
2017-04-25,7.78
2017-04-26,9.89
2017-04-27,12.46
2017-04-28,14.24
2017-04-29,15.59
2017-04-30,16.1
2017-05-01,17.81
2017-05-02,19.14
2017-05-03,19.08
2017-05-04,18.31
2017-05-05,16.82
2017-05-06,15.97
2017-05-07,16.61
2017-05-08,15.77
2017-05-09,15.5
2017-05-10,14.97
2017-05-11,12.14
2017-05-12,13.25
2017-05-13,15.67
2017-05-14,16.36
2017-05-15,14.51
2017-05-16,13.93
2017-05-17,14.52
2017-05-18,14.04
2017-05-19,13.81
2017-05-20,14.28
2017-05-21,14.63
2017-05-22,14.82
2017-05-23,13.62
2017-05-24,13.75
2017-05-25,14.48
2017-05-26,16.51
2017-05-27,17.85
2017-05-28,18.2
2017-05-29,17.53
2017-05-30,19.66
2017-05-31,19.72
2017-06-01,19.91
2017-06-02,19.31
2017-06-03,17.45
2017-06-04,16.49
2017-06-05,18.46
2017-06-06,21.19
2017-06-07,22.5
2017-06-08,22.59
2017-06-09,22.7
2017-06-10,19.83
2017-06-11,19.75
2017-06-12,18.75
2017-06-13,20.13
2017-06-14,20.28
2017-06-15,18.95
2017-06-16,17.36
2017-06-17,18.39
2017-06-18,19.67
2017-06-19,20.32
2017-06-20,20.36
2017-06-21,21.5
2017-06-22,21.09
2017-06-23,20.22
2017-06-24,20.77
2017-06-25,20.7
2017-06-26,22.85
2017-06-27,24.1
2017-06-28,25.41
2017-06-29,25.11
2017-06-30,25.39
2017-07-01,26.83
2017-07-02,27.55
2017-07-03,27.78
2017-07-04,26.8
2017-07-05,22.4
2017-07-06,21.4
2017-07-07,20.56
2017-07-08,20.02
2017-07-09,19.99
2017-07-10,20.98
2017-07-11,22.88
2017-07-12,23.44
2017-07-13,24.15
2017-07-14,24.21
2017-07-15,24.46
2017-07-16,25.29
2017-07-17,26.37
2017-07-18,26.51
2017-07-19,26.08
2017-07-20,24.29
2017-07-21,24.59
2017-07-22,25.91
2017-07-23,24.25
2017-07-24,24.54
2017-07-25,25.34
2017-07-26,26.41
2017-07-27,28.09
2017-07-28,29.21
2017-07-29,26.1
2017-07-30,24.17
2017-07-31,23.68
2017-08-01,25.21
2017-08-02,26.91
2017-08-03,28.19
2017-08-04,28.8
2017-08-05,29.6
2017-08-06,30.21
2017-08-07,29.87
2017-08-08,30.05
2017-08-09,28.84
2017-08-10,26.92
2017-08-11,26.07
2017-08-12,26.41
2017-08-13,27.23
2017-08-14,26.76
2017-08-15,25.1
2017-08-16,25.25
2017-08-17,26.3
2017-08-18,25.49
2017-08-19,25.64
2017-08-20,25.73
2017-08-21,26.41
2017-08-22,25.8
2017-08-23,23.15
2017-08-24,21.33
2017-08-25,21.85
2017-08-26,23.21
2017-08-27,24.37
2017-08-28,25.08
2017-08-29,24.11
2017-08-30,21.25
2017-08-31,19.42
2017-09-01,19.39
2017-09-02,19.54
2017-09-03,20.3
2017-09-04,22.08
2017-09-05,23.18
2017-09-06,22.26
2017-09-07,19.71
2017-09-08,20.39
2017-09-09,20.69
2017-09-10,20.65
2017-09-11,21.66
2017-09-12,22.77
2017-09-13,23.55
2017-09-14,23.31
2017-09-15,22.8
2017-09-16,24.17
2017-09-17,24.06
2017-09-18,23.99
2017-09-19,24.26
2017-09-20,24.19
2017-09-21,24.18
2017-09-22,22.77
2017-09-23,18.51
2017-09-24,17.73
2017-09-25,16.79
2017-09-26,13.65
2017-09-27,11.31
2017-09-28,10.33
2017-09-29,10.33
2017-09-30,10.47
2017-10-01,10.69
2017-10-02,9.07
2017-10-03,8.23
2017-10-04,8.75
2017-10-05,11.1
2017-10-06,14.57
2017-10-07,15.41
2017-10-08,15.74
2017-10-09,14.59
2017-10-10,12.82
2017-10-11,11.64
2017-10-12,12.07
2017-10-13,13.44
2017-10-14,12.17
2017-10-15,10.27
2017-10-16,9.38
2017-10-17,10.64
2017-10-18,12.24
2017-10-19,12.49
2017-10-20,12.28
2017-10-21,11.16
2017-10-22,10.17
2017-10-23,6.71
2017-10-24,7.4
2017-10-25,8.64
2017-10-26,6.27
2017-10-27,7.92
2017-10-28,10.79
2017-10-29,11.67
2017-10-30,10.55
2017-10-31,6.82
2017-11-01,4.63
2017-11-02,5.48
2017-11-03,8.72
2017-11-04,8.1
2017-11-05,7.49
2017-11-06,7.8
2017-11-07,8.19
2017-11-08,7.76
2017-11-09,6.03
2017-11-10,5.8
2017-11-11,7.01
2017-11-12,8.96
2017-11-13,11.0
2017-11-14,10.39
2017-11-15,9.05
2017-11-16,5.78
2017-11-17,4.45
2017-11-18,4.76
2017-11-19,7.54
2017-11-20,9.87
2017-11-21,7.91
2017-11-22,3.42
2017-11-23,0.42
2017-11-24,-0.82
2017-11-25,-1.65
2017-11-26,-0.39
2017-11-27,-0.89
2017-11-28,-1.35
2017-11-29,0.15
2017-11-30,2.79
2017-12-01,3.69
2017-12-02,3.93
2017-12-03,4.91
2017-12-04,6.86
2017-12-05,5.5
2017-12-06,1.13
2017-12-07,1.3
2017-12-08,0.95
2017-12-09,2.85
2017-12-10,4.4
2017-12-11,4.11
2017-12-12,5.7
2017-12-13,6.28
2017-12-14,4.28
2017-12-15,4.19
2017-12-16,5.29
2017-12-17,5.12
2017-12-18,5.3
2017-12-19,3.76
2017-12-20,2.69
2017-12-21,1.38
2017-12-22,0.12
2017-12-23,-0.63
2017-12-24,0.49
2017-12-25,3.97
2017-12-26,3.77
2017-12-27,5.38
2017-12-28,4.82
2017-12-29,4.14
2017-12-30,3.28
2017-12-31,3.99
2018-01-01,4.22
2018-01-02,2.56
2018-01-03,0.61
2018-01-04,0.26
2018-01-05,0.37
2018-01-06,0.05
2018-01-07,2.84
2018-01-08,4.32
2018-01-09,0.83
2018-01-10,-2.33
2018-01-11,-1.91
2018-01-12,-2.04
2018-01-13,-5.42
2018-01-14,-6.83
2018-01-15,-5.87
2018-01-16,-4.07
2018-01-17,-3.29
2018-01-18,-1.72
2018-01-19,-3.55
2018-01-20,0.21
2018-01-21,1.64
2018-01-22,0.8
2018-01-23,0.13
2018-01-24,-2.86
2018-01-25,-5.32
2018-01-26,-4.88
2018-01-27,-6.16
2018-01-28,-4.49
2018-01-29,-1.41
2018-01-30,1.39
2018-01-31,2.04
2018-02-01,0.55
2018-02-02,0.8
2018-02-03,4.97
2018-02-04,6.33
2018-02-05,3.21
2018-02-06,0.79
2018-02-07,1.39
2018-02-08,1.48
2018-02-09,2.2
2018-02-10,2.1
2018-02-11,1.11
2018-02-12,-0.19
2018-02-13,-1.59
2018-02-14,-0.89
2018-02-15,0.75
2018-02-16,1.11
2018-02-17,1.55
2018-02-18,1.11
2018-02-19,1.12
2018-02-20,-0.15
2018-02-21,-1.19
2018-02-22,-0.33
2018-02-23,-1.44
2018-02-24,-2.89
2018-02-25,-3.24
2018-02-26,-5.22
2018-02-27,-6.08
2018-02-28,-1.89
2018-03-01,-1.76
2018-03-02,-3.05
2018-03-03,-0.56
2018-03-04,3.32
2018-03-05,-0.84
2018-03-06,-0.88
2018-03-07,2.75
2018-03-08,6.91
2018-03-09,3.34
2018-03-10,1.92
2018-03-11,0.96
2018-03-12,-2.38
2018-03-13,-0.84
2018-03-14,1.27
2018-03-15,4.87
2018-03-16,4.57
2018-03-17,5.28
2018-03-18,8.4
2018-03-19,3.06
2018-03-20,3.63
2018-03-21,5.21
2018-03-22,1.92
2018-03-23,1.16
2018-03-24,4.5
2018-03-25,3.01
2018-03-26,4.19
2018-03-27,7.75
2018-03-28,7.53
2018-03-29,5.63
2018-03-30,2.91
2018-03-31,4.3
2018-04-01,8.36
2018-04-02,8.71
2018-04-03,7.98
2018-04-04,7.13
2018-04-05,8.71
2018-04-06,10.19
2018-04-07,10.9
2018-04-08,11.16
2018-04-09,11.64
2018-04-10,12.3
2018-04-11,13.73
2018-04-12,12.95
2018-04-13,10.95
2018-04-14,9.93
2018-04-15,8.86
2018-04-16,9.97
2018-04-17,12.32
2018-04-18,13.84
2018-04-19,12.35
2018-04-20,10.48
2018-04-21,11.37
2018-04-22,12.63
2018-04-23,11.19
2018-04-24,10.55
2018-04-25,13.57
2018-04-26,16.63
2018-04-27,18.75
2018-04-28,17.05
2018-04-29,15.76
2018-04-30,16.88
2018-05-01,17.72
2018-05-02,18.52
2018-05-03,19.54
2018-05-04,20.56
2018-05-05,20.88
2018-05-06,20.11
2018-05-07,18.43
2018-05-08,18.17
2018-05-09,17.25
2018-05-10,17.25
2018-05-11,13.78
2018-05-12,12.76
2018-05-13,14.59
2018-05-14,17.54
2018-05-15,19.08
2018-05-16,20.5
2018-05-17,21.55
2018-05-18,21.3
2018-05-19,20.55
2018-05-20,21.19
2018-05-21,20.5
2018-05-22,21.81
2018-05-23,23.24
2018-05-24,22.69
2018-05-25,22.72
2018-05-26,19.05
2018-05-27,17.25
2018-05-28,18.76
2018-05-29,18.5
2018-05-30,17.46
2018-05-31,19.98
2018-06-01,17.08
2018-06-02,14.79
2018-06-03,17.75
2018-06-04,20.04
2018-06-05,21.76
2018-06-06,21.41
2018-06-07,19.03
2018-06-08,19.82
2018-06-09,20.51
2018-06-10,20.57
2018-06-11,19.87
2018-06-12,20.35
2018-06-13,22.12
2018-06-14,23.96
2018-06-15,25.19
2018-06-16,24.18
2018-06-17,21.74
2018-06-18,22.21
2018-06-19,23.39
2018-06-20,25.11
2018-06-21,25.97
2018-06-22,26.38
2018-06-23,25.45
2018-06-24,24.04
2018-06-25,25.21
2018-06-26,27.44
2018-06-27,28.59
2018-06-28,29.43
2018-06-29,28.94
2018-06-30,28.04
2018-07-01,27.48
2018-07-02,26.78
2018-07-03,26.35
2018-07-04,25.82
2018-07-05,25.16
2018-07-06,23.71
2018-07-07,23.7
2018-07-08,25.45
2018-07-09,26.59
2018-07-10,27.9
2018-07-11,28.83
2018-07-12,27.72
2018-07-13,27.74
2018-07-14,26.78
2018-07-15,24.48
2018-07-16,22.01
2018-07-17,22.8
2018-07-18,24.37
2018-07-19,23.89
2018-07-20,23.19
2018-07-21,23.94
2018-07-22,24.53
2018-07-23,23.75
2018-07-24,24.06
2018-07-25,26.61
2018-07-26,26.97
2018-07-27,27.9
2018-07-28,26.96
2018-07-29,27.53
2018-07-30,27.7
2018-07-31,27.2
2018-08-01,27.2
2018-08-02,24.83
2018-08-03,24.64
2018-08-04,23.92
2018-08-05,24.97
2018-08-06,26.29
2018-08-07,26.63
2018-08-08,26.05
2018-08-09,22.21
2018-08-10,20.38
2018-08-11,20.38
2018-08-12,21.56
2018-08-13,22.38
2018-08-14,24.34
2018-08-15,25.35
2018-08-16,25.81
2018-08-17,26.15
2018-08-18,25.48
2018-08-19,22.4
2018-08-20,21.66
2018-08-21,22.67
2018-08-22,24.16
2018-08-23,22.81
2018-08-24,22.52
2018-08-25,23.01
2018-08-26,24.0
2018-08-27,24.09
2018-08-28,24.44
2018-08-29,25.04
2018-08-30,26.13
2018-08-31,25.2
2018-09-01,24.0
2018-09-02,23.8
2018-09-03,23.56
2018-09-04,22.61
2018-09-05,22.54
2018-09-06,22.12
2018-09-07,20.07
2018-09-08,20.49
2018-09-09,21.1
2018-09-10,20.86
2018-09-11,19.87
2018-09-12,20.7
2018-09-13,21.67
2018-09-14,22.27
2018-09-15,21.4
2018-09-16,19.87
2018-09-17,18.07
2018-09-18,16.05
2018-09-19,17.25
2018-09-20,18.77
2018-09-21,20.01
2018-09-22,19.93
2018-09-23,19.54
2018-09-24,17.17
2018-09-25,16.84
2018-09-26,12.57
2018-09-27,11.91
2018-09-28,13.85
2018-09-29,15.67
2018-09-30,15.21
2018-10-01,16.03
2018-10-02,17.92
2018-10-03,18.39
2018-10-04,14.74
2018-10-05,10.31
2018-10-06,8.81
2018-10-07,11.45
2018-10-08,14.08
2018-10-09,15.66
2018-10-10,15.39
2018-10-11,15.23
2018-10-12,13.11
2018-10-13,11.71
2018-10-14,12.66
2018-10-15,14.24
2018-10-16,15.86
2018-10-17,15.13
2018-10-18,14.41
2018-10-19,13.73
2018-10-20,14.3
2018-10-21,15.05
2018-10-22,14.15
2018-10-23,12.88
2018-10-24,12.68
2018-10-25,11.97
2018-10-26,7.81
2018-10-27,8.56
2018-10-28,12.03
2018-10-29,13.03
2018-10-30,11.02
2018-10-31,8.77
2018-11-01,7.51
2018-11-02,8.51
2018-11-03,8.31
2018-11-04,8.69
2018-11-05,8.59
2018-11-06,8.09
2018-11-07,7.23
2018-11-08,7.06
2018-11-09,5.34
2018-11-10,4.9
2018-11-11,3.74
2018-11-12,-0.01
2018-11-13,-0.9
2018-11-14,0.78
2018-11-15,1.31
2018-11-16,1.64
2018-11-17,1.31
2018-11-18,1.07
2018-11-19,2.1
2018-11-20,3.4
2018-11-21,1.41
2018-11-22,-0.95
2018-11-23,-1.61
2018-11-24,-1.87
2018-11-25,0.47
2018-11-26,1.93
2018-11-27,4.48
2018-11-28,4.47
2018-11-29,-2.74
2018-11-30,-4.02
2018-12-01,-0.18
2018-12-02,1.08
2018-12-03,0.67
2018-12-04,1.7
2018-12-05,2.87
2018-12-06,2.14
2018-12-07,1.2
2018-12-08,0.91
2018-12-09,1.55
2018-12-10,2.93
2018-12-11,3.55
2018-12-12,3.62
2018-12-13,2.2
2018-12-14,1.55
2018-12-15,0.73
2018-12-16,-1.17
2018-12-17,-2.45
2018-12-18,-2.66
2018-12-19,-1.11
2018-12-20,-0.37
2018-12-21,-0.79
2018-12-22,1.04
2018-12-23,4.39
2018-12-24,2.82
2018-12-25,2.31
2018-12-26,0.24
2018-12-27,0.24
2018-12-28,-1.92
2018-12-29,-1.79
2018-12-30,-1.22
2018-12-31,-1.3
2019-01-01,-0.52
2019-01-02,-0.15
2019-01-03,1.14
2019-01-04,1.66
2019-01-05,0.18
2019-01-06,-0.93
2019-01-07,-2.47
2019-01-08,-3.56
2019-01-09,-4.04
2019-01-10,-3.11
2019-01-11,0.29
2019-01-12,1.69
2019-01-13,0.0
2019-01-14,0.16
2019-01-15,3.01
2019-01-16,1.28
2019-01-17,-2.12
2019-01-18,-0.98
2019-01-19,2.02
2019-01-20,0.16
2019-01-21,1.73
2019-01-22,-1.74
2019-01-23,-2.88
2019-01-24,1.45
2019-01-25,1.8
2019-01-26,-0.22
2019-01-27,1.85
2019-01-28,1.6
2019-01-29,1.04
2019-01-30,1.48
2019-01-31,1.12
2019-02-01,0.78
2019-02-02,1.0
2019-02-03,1.41
2019-02-04,0.59
2019-02-05,0.98
2019-02-06,2.16
2019-02-07,2.35
2019-02-08,0.64
2019-02-09,0.01
2019-02-10,0.06
2019-02-11,1.6
2019-02-12,1.87
2019-02-13,2.05
2019-02-14,1.2
2019-02-15,-0.76
2019-02-16,0.15
2019-02-17,2.57
2019-02-18,3.42
2019-02-19,-1.87
2019-02-20,-0.08
2019-02-21,2.99
2019-02-22,1.33
2019-02-23,-0.59
2019-02-24,-3.22
2019-02-25,-1.94
2019-02-26,1.69
2019-02-27,1.3
2019-02-28,0.97
2019-03-01,3.05
2019-03-02,1.94
2019-03-03,-0.58
2019-03-04,1.29
2019-03-05,5.38
2019-03-06,7.14
2019-03-07,4.39
2019-03-08,4.12
2019-03-09,7.7
2019-03-10,9.01
2019-03-11,8.61
2019-03-12,7.21
2019-03-13,3.92
2019-03-14,2.78
2019-03-15,3.7
2019-03-16,5.43
2019-03-17,5.54
2019-03-18,5.61
2019-03-19,5.26
2019-03-20,5.97
2019-03-21,6.72
2019-03-22,5.77
2019-03-23,4.55
2019-03-24,2.93
2019-03-25,5.14
2019-03-26,6.87
2019-03-27,6.87
2019-03-28,4.48
2019-03-29,3.1
2019-03-30,4.33
2019-03-31,7.86
2019-04-01,7.6
2019-04-02,6.9
2019-04-03,5.61
2019-04-04,5.35
2019-04-05,7.59
2019-04-06,9.8
2019-04-07,11.01
2019-04-08,11.77
2019-04-09,13.33
2019-04-10,13.81
2019-04-11,13.62
2019-04-12,13.12
2019-04-13,12.81
2019-04-14,12.67
2019-04-15,12.4
2019-04-16,11.43
2019-04-17,8.84
2019-04-18,4.77
2019-04-19,5.27
2019-04-20,6.65
2019-04-21,8.08
2019-04-22,9.49
2019-04-23,11.26
2019-04-24,12.96
2019-04-25,14.68
2019-04-26,16.21
2019-04-27,16.9
2019-04-28,16.36
2019-04-29,14.3
2019-04-30,13.39
2019-05-01,14.66
2019-05-02,16.3
2019-05-03,14.78
2019-05-04,14.65
2019-05-05,14.97
2019-05-06,16.48
2019-05-07,18.47
2019-05-08,18.04
2019-05-09,17.05
2019-05-10,15.0
2019-05-11,15.89
2019-05-12,17.54
2019-05-13,17.02
2019-05-14,17.9
2019-05-15,20.07
2019-05-16,22.16
2019-05-17,22.4
2019-05-18,20.8
2019-05-19,19.69
2019-05-20,18.66
2019-05-21,18.68
2019-05-22,17.58
2019-05-23,17.96
2019-05-24,19.76
2019-05-25,19.04
2019-05-26,18.19
2019-05-27,19.05
2019-05-28,20.13
2019-05-29,22.32
2019-05-30,24.14
2019-05-31,24.65
2019-06-01,25.06
2019-06-02,25.94
2019-06-03,24.71
2019-06-04,23.94
2019-06-05,23.02
2019-06-06,22.33
2019-06-07,23.3
2019-06-08,23.58
2019-06-09,24.37
2019-06-10,25.26
2019-06-11,25.72
2019-06-12,25.76
2019-06-13,25.03
2019-06-14,23.48
2019-06-15,24.44
2019-06-16,25.16
2019-06-17,24.24
2019-06-18,25.26
2019-06-19,25.95
2019-06-20,26.89
2019-06-21,27.02
2019-06-22,27.22
2019-06-23,27.07
2019-06-24,26.31
2019-06-25,26.58
2019-06-26,26.11
2019-06-27,25.76
2019-06-28,24.88
2019-06-29,21.04
2019-06-30,18.41
2019-07-01,19.96
2019-07-02,24.12
2019-07-03,25.83
2019-07-04,24.8
2019-07-05,23.18
2019-07-06,23.16
2019-07-07,23.52
2019-07-08,24.99
2019-07-09,23.72
2019-07-10,21.22
2019-07-11,20.08
2019-07-12,18.89
2019-07-13,18.68
2019-07-14,19.94
2019-07-15,21.2
2019-07-16,20.69
2019-07-17,22.26
2019-07-18,22.73
2019-07-19,22.98
2019-07-20,24.18
2019-07-21,24.66
2019-07-22,23.2
2019-07-23,23.95
2019-07-24,23.63
2019-07-25,22.72
2019-07-26,21.9
2019-07-27,21.86
2019-07-28,23.94
2019-07-29,24.88
2019-07-30,25.13
2019-07-31,24.66
2019-08-01,21.9
2019-08-02,20.42
2019-08-03,20.79
2019-08-04,21.54
2019-08-05,19.15
2019-08-06,19.19
2019-08-07,20.59
2019-08-08,22.63
2019-08-09,24.45
2019-08-10,23.69
2019-08-11,21.75
2019-08-12,21.98
2019-08-13,22.18
2019-08-14,24.06
2019-08-15,25.48
2019-08-16,24.71
2019-08-17,23.92
2019-08-18,23.38
2019-08-19,24.69
2019-08-20,26.85
2019-08-21,27.3
2019-08-22,27.26
2019-08-23,27.53
2019-08-24,27.04
2019-08-25,26.0
2019-08-26,24.08
2019-08-27,23.57
2019-08-28,22.02
2019-08-29,18.84
2019-08-30,19.5
2019-08-31,20.92
2019-09-01,21.41
2019-09-02,21.63
2019-09-03,21.57
2019-09-04,21.88
2019-09-05,21.69
2019-09-06,20.55
2019-09-07,19.45
2019-09-08,19.42
2019-09-09,19.45
2019-09-10,19.63
2019-09-11,20.42
2019-09-12,20.17
2019-09-13,19.77
2019-09-14,19.58
2019-09-15,18.7
2019-09-16,18.12
2019-09-17,18.67
2019-09-18,19.27
2019-09-19,15.29
2019-09-20,13.49
2019-09-21,11.02
2019-09-22,11.41
2019-09-23,13.54
2019-09-24,12.07
2019-09-25,11.8
2019-09-26,12.31
2019-09-27,13.51
2019-09-28,14.56
2019-09-29,14.18
2019-09-30,15.72
2019-10-01,16.22
2019-10-02,16.43
2019-10-03,17.22
2019-10-04,18.82
2019-10-05,19.05
2019-10-06,16.03
2019-10-07,11.03
2019-10-08,10.64
2019-10-09,8.93
2019-10-10,11.34
2019-10-11,13.77
2019-10-12,12.57
2019-10-13,12.61
2019-10-14,14.29
2019-10-15,15.02
2019-10-16,14.96
2019-10-17,13.6
2019-10-18,13.26
2019-10-19,13.7
2019-10-20,13.29
2019-10-21,13.02
2019-10-22,12.46
2019-10-23,12.8
2019-10-24,12.83
2019-10-25,12.71
2019-10-26,12.34
2019-10-27,11.87
2019-10-28,11.11
2019-10-29,11.07
2019-10-30,9.4
2019-10-31,3.15
2019-11-01,0.41
2019-11-02,-0.08
2019-11-03,1.4
2019-11-04,4.85
2019-11-05,9.09
2019-11-06,12.4
2019-11-07,14.05
2019-11-08,13.38
2019-11-09,11.3
2019-11-10,9.47
2019-11-11,8.86
2019-11-12,9.28
2019-11-13,7.71
2019-11-14,6.81
2019-11-15,6.91
2019-11-16,6.1
2019-11-17,5.91
2019-11-18,5.22
2019-11-19,3.65
2019-11-20,2.52
2019-11-21,-3.35
2019-11-22,-4.56
2019-11-23,-3.23
2019-11-24,-1.15
2019-11-25,-0.22
2019-11-26,1.69
2019-11-27,4.02
2019-11-28,5.06
2019-11-29,6.45
2019-11-30,7.34
2019-12-01,4.69
2019-12-02,0.25
2019-12-03,0.36
2019-12-04,-0.43
2019-12-05,-2.03
2019-12-06,0.74
2019-12-07,1.36
2019-12-08,1.4
2019-12-09,2.87
2019-12-10,2.99
2019-12-11,1.97
2019-12-12,0.76
2019-12-13,0.75
2019-12-14,3.54
2019-12-15,5.11
2019-12-16,5.09
2019-12-17,5.35
2019-12-18,6.12
2019-12-19,7.62
2019-12-20,4.57
2019-12-21,2.23
2019-12-22,4.1
2019-12-23,6.08
2019-12-24,5.09
2019-12-25,3.76
2019-12-26,3.3
2019-12-27,2.6
2019-12-28,3.12
2019-12-29,2.11
2019-12-30,1.05
2019-12-31,1.16
2020-01-01,3.15
2020-01-02,1.3
2020-01-03,0.19
2020-01-04,0.54
2020-01-05,0.96
2020-01-06,1.56
2020-01-07,1.04
2020-01-08,0.42
2020-01-09,-0.86
2020-01-10,-0.15
2020-01-11,1.91
2020-01-12,2.52
2020-01-13,0.51
2020-01-14,2.25
2020-01-15,1.46
2020-01-16,0.4
2020-01-17,-0.17
2020-01-18,0.23
2020-01-19,0.28
2020-01-20,-1.12
2020-01-21,-1.15
2020-01-22,2.67
2020-01-23,1.73
2020-01-24,-2.04
2020-01-25,2.21
2020-01-26,2.92
2020-01-27,2.78
2020-01-28,3.99
2020-01-29,4.69
2020-01-30,4.12
2020-01-31,2.07
2020-02-01,2.06
2020-02-02,4.83
2020-02-03,7.64
2020-02-04,3.98
2020-02-05,2.83
2020-02-06,5.04
2020-02-07,0.9
2020-02-08,-5.87
2020-02-09,-9.18
2020-02-10,-9.11
2020-02-11,-4.19
2020-02-12,-1.15
2020-02-13,1.56
2020-02-14,1.63
2020-02-15,1.02
2020-02-16,0.71
2020-02-17,1.04
2020-02-18,2.62
2020-02-19,3.47
2020-02-20,3.31
2020-02-21,2.76
2020-02-22,2.32
2020-02-23,2.8
2020-02-24,4.61
2020-02-25,3.91
2020-02-26,4.76
2020-02-27,9.78
2020-02-28,8.16
2020-02-29,4.38
2020-03-01,3.4
2020-03-02,4.22
2020-03-03,6.81
2020-03-04,11.09
2020-03-05,10.14
2020-03-06,8.88
2020-03-07,9.83
2020-03-08,10.61
2020-03-09,11.78
2020-03-10,10.07
2020-03-11,10.79
2020-03-12,10.17
2020-03-13,9.86
2020-03-14,9.85
2020-03-15,5.1
2020-03-16,0.6
2020-03-17,1.65
2020-03-18,3.09
2020-03-19,4.4
2020-03-20,5.88
2020-03-21,7.55
2020-03-22,8.25
2020-03-23,5.82
2020-03-24,2.4
2020-03-25,5.28
2020-03-26,7.89
2020-03-27,9.68
2020-03-28,10.16
2020-03-29,10.59
2020-03-30,10.34
2020-03-31,11.0
2020-04-01,5.99
2020-04-02,4.0
2020-04-03,6.26
2020-04-04,8.67
2020-04-05,9.57
2020-04-06,6.54
2020-04-07,5.49
2020-04-08,6.47
2020-04-09,8.73
2020-04-10,9.61
2020-04-11,9.09
2020-04-12,6.91
2020-04-13,7.53
2020-04-14,10.4
2020-04-15,10.83
2020-04-16,7.32
2020-04-17,10.92
2020-04-18,11.39
2020-04-19,11.99
2020-04-20,10.54
2020-04-21,7.91
2020-04-22,8.1
2020-04-23,8.3
2020-04-24,10.46
2020-04-25,12.19
2020-04-26,12.05
2020-04-27,11.71
2020-04-28,10.69
2020-04-29,12.22
2020-04-30,15.04
2020-05-01,16.29
2020-05-02,16.57
2020-05-03,16.29
2020-05-04,16.64
2020-05-05,16.9
2020-05-06,16.05
2020-05-07,15.04
2020-05-08,13.8
2020-05-09,11.87
2020-05-10,12.46
2020-05-11,14.83
2020-05-12,17.11
2020-05-13,16.26
2020-05-14,13.29
2020-05-15,17.57
2020-05-16,16.2
2020-05-17,14.18
2020-05-18,15.23
2020-05-19,15.7
2020-05-20,16.67
2020-05-21,16.87
2020-05-22,14.59
2020-05-23,12.43
2020-05-24,12.43
2020-05-25,13.74
2020-05-26,15.37
2020-05-27,17.62
2020-05-28,20.48
2020-05-29,20.22
2020-05-30,17.9
2020-05-31,17.99
2020-06-01,18.14
2020-06-02,18.6
2020-06-03,18.99
2020-06-04,17.78
2020-06-05,18.5
2020-06-06,20.67
2020-06-07,23.1
2020-06-08,24.14
2020-06-09,24.89
2020-06-10,25.75
2020-06-11,26.23
2020-06-12,25.37
2020-06-13,23.75
2020-06-14,23.52
2020-06-15,23.15
2020-06-16,24.05
2020-06-17,23.65
2020-06-18,23.65
2020-06-19,23.99
2020-06-20,24.18
2020-06-21,23.54
2020-06-22,23.61
2020-06-23,24.61
2020-06-24,25.18
2020-06-25,22.82
2020-06-26,22.18
2020-06-27,23.24
2020-06-28,24.0
2020-06-29,23.69
2020-06-30,23.63
2020-07-01,25.24
2020-07-02,26.44
2020-07-03,27.01
2020-07-04,27.55
2020-07-05,28.26
2020-07-06,29.02
2020-07-07,30.4
2020-07-08,27.53
2020-07-09,24.29
2020-07-10,23.87
2020-07-11,25.59
2020-07-12,27.72
2020-07-13,25.75
2020-07-14,23.6
2020-07-15,22.74
2020-07-16,24.15
2020-07-17,23.74
2020-07-18,24.36
2020-07-19,25.81
2020-07-20,26.83
2020-07-21,24.53
2020-07-22,24.35
2020-07-23,24.13
2020-07-24,23.65
2020-07-25,25.3
2020-07-26,26.59
2020-07-27,25.89
2020-07-28,24.94
2020-07-29,24.4
2020-07-30,25.94
2020-07-31,26.14
2020-08-01,22.56
2020-08-02,20.94
2020-08-03,21.33
2020-08-04,22.49
2020-08-05,23.52
2020-08-06,26.21
2020-08-07,27.9
2020-08-08,27.4
2020-08-09,25.34
2020-08-10,24.91
2020-08-11,24.43
2020-08-12,24.39
2020-08-13,22.02
2020-08-14,20.1
2020-08-15,19.18
2020-08-16,19.27
2020-08-17,21.14
2020-08-18,23.13
2020-08-19,24.19
2020-08-20,24.6
2020-08-21,22.47
2020-08-22,20.82
2020-08-23,20.47
2020-08-24,20.96
2020-08-25,22.35
2020-08-26,22.73
2020-08-27,23.36
2020-08-28,22.68
2020-08-29,22.34
2020-08-30,23.68
2020-08-31,24.69
2020-09-01,25.02
2020-09-02,25.4
2020-09-03,25.37
2020-09-04,24.12
2020-09-05,22.86
2020-09-06,21.26
2020-09-07,22.27
2020-09-08,22.49
2020-09-09,20.71
2020-09-10,19.68
2020-09-11,21.65
2020-09-12,21.91
2020-09-13,20.99
2020-09-14,21.05
2020-09-15,20.02
2020-09-16,19.66
2020-09-17,18.88
2020-09-18,19.51
2020-09-19,15.1
2020-09-20,14.71
2020-09-21,15.27
2020-09-22,16.35
2020-09-23,18.01
2020-09-24,18.8
2020-09-25,19.29
2020-09-26,20.06
2020-09-27,19.21
2020-09-28,18.09
2020-09-29,17.98
2020-09-30,17.53
2020-10-01,16.87
2020-10-02,16.52
2020-10-03,16.35
2020-10-04,16.53
2020-10-05,16.57
2020-10-06,15.59
2020-10-07,15.48
2020-10-08,15.08
2020-10-09,16.02
2020-10-10,15.63
2020-10-11,15.56
2020-10-12,16.3
2020-10-13,17.06
2020-10-14,16.76
2020-10-15,16.88
2020-10-16,16.75
2020-10-17,17.21
2020-10-18,17.19
2020-10-19,14.63
2020-10-20,11.19
2020-10-21,8.91
2020-10-22,10.26
2020-10-23,13.59
2020-10-24,14.57
2020-10-25,14.82
2020-10-26,13.03
2020-10-27,12.02
2020-10-28,11.39
2020-10-29,12.6
2020-10-30,14.15
2020-10-31,13.38
2020-11-01,13.02
2020-11-02,12.15
2020-11-03,11.94
2020-11-04,11.24
2020-11-05,9.58
2020-11-06,7.62
2020-11-07,7.85
2020-11-08,8.09
2020-11-09,8.55
2020-11-10,6.94
2020-11-11,4.49
2020-11-12,2.68
2020-11-13,2.44
2020-11-14,2.79
2020-11-15,2.61
2020-11-16,2.07
2020-11-17,1.36
2020-11-18,-0.43
2020-11-19,-1.06
2020-11-20,0.62
2020-11-21,0.92
2020-11-22,0.82
2020-11-23,1.2
2020-11-24,3.18
2020-11-25,3.07
2020-11-26,2.49
2020-11-27,1.3
2020-11-28,0.5
